data;typ;tytul;zwyciezca;nip;link_pdf
2026-06-09;ZAMOWIENIE;;;;https://ezamowienia.gov.pl/mo-client-board/bzp/notice-details/id/08dec528-c1b2-fc73-5fad-9500015c6614
2026-06-09;ZAMOWIENIE;Roboty budowlane w zakresie wymiany pokrycia dachowego na budynku głównym Zespołu Szkół Zawodowych im. Kazimierza Pułaskiego w Gorlicach.;;;https://ezamowienia.gov.pl/mp-client/search/list/ocds-148610-e118a0bc-fd95-47d7-a5ff-c098150fd57f
2026-06-09;ZAMOWIENIE;Termomodernizacja budynku sportowego A wraz z wymianą źródła ciepła i budynku sportowego B przy ul. Grota Roweckiego 11 w Działoszynie - w formule zaprojektuj i wybuduj;;;https://ezamowienia.gov.pl/mp-client/search/list/ocds-148610-0975ae5d-4845-4e96-bc3a-632cee1e2e19
2026-06-09;ZAMOWIENIE;"""Budowa zadaszenia, utwardzenie terenu i montaż trybun przy boisku                       w Bełżcu""";;;https://ezamowienia.gov.pl/mp-client/search/list/ocds-148610-135f8192-86a0-4da6-8361-dbb1b54e797e
2026-06-09;ZAMOWIENIE;„Remont dachu budynku Szkoły Podstawowej im. Marszałka Józefa Piłsudskiego w Piątku.”;;;https://ezamowienia.gov.pl/mp-client/search/list/ocds-148610-9297316c-7182-4124-9efd-e38afa01a916
2026-06-09;ZAMOWIENIE;Budowa budynku magazynowego z funkacją ukrycia III kategorii na cele ochrony ludności w Sępólnie Krajeńskim - etap I;;;https://ezamowienia.gov.pl/mp-client/search/list/ocds-148610-89166833-0010-4b20-86e0-a438d06101cc
2026-06-09;ZAMOWIENIE;„Rewitalizacja miejscowości Czarnocin szansą na rozwój – etap I”;;;https://ezamowienia.gov.pl/mp-client/search/list/ocds-148610-d1dfa063-fecd-4c9d-9ba7-ead4263c4279
2026-06-09;ZAMOWIENIE;Opracowanie dokumentacji projektowych dla zadania pn. Budowa budynku magazynowego na nieruchomości w Katowicach przy ul. Powstańców 41a.;;;https://ezamowienia.gov.pl/mp-client/search/list/ocds-148610-e47f7fc7-f23b-4410-959d-72545041e91d
2026-06-09;ZAMOWIENIE;RDW Puławy: „Rozbudowa wiaty biurowo-magazynowej na terenie OD w Kurowie -Rozbudowa i przebudowa budynku biurowo-magazynowego (Etap I)”;;;https://ezamowienia.gov.pl/mp-client/search/list/ocds-148610-acf408ac-d960-4e61-aefa-13e0608bddcf
2026-06-11;ZAMOWIENIE;Przebudowa istniejącego wjazdu i dojścia przy budynku ŚDS, wymiana bramy wjazdowej, przebudowa ogrodzenia przed budynkiem ŚDS;;;https://ezamowienia.gov.pl/mp-client/search/list/ocds-148610-f9584868-32aa-444d-8aaf-0cc51b732554
2026-06-11;ZAMOWIENIE;Remont dachu budynku koszarowego nr 9 w kompleksie wojskowym w Gołdapi.;;;https://ezamowienia.gov.pl/mp-client/search/list/ocds-148610-a9c361bc-b8a7-4b8b-a216-f0809d13781a
2026-06-11;ZAMOWIENIE;Wykonanie robót budowlanych w ramach zadania inwestycyjnego pn.: „Modernizacja pokrycia dachowego  w XVI Liceum Ogólnokształcącym przy ul. ks. J. Popiełuszki 5”.;;;https://ezamowienia.gov.pl/mp-client/search/list/ocds-148610-fe7c9b14-b646-48d8-bb3c-daa7686e9650
2026-06-12;ZAMOWIENIE;Budowa boiska wielofunkcyjnego przy Al. Solidarności w Nowym Targu (w miejscu obecnego skateparku).;;;https://ezamowienia.gov.pl/mp-client/search/list/ocds-148610-572f4dfd-9f57-44a6-b31c-9318e6f71bd2
2026-06-13;ZAMOWIENIE;Modernizacja pokrycia dachowego Przedszkola w Jutrosinie;;;https://ezamowienia.gov.pl/mp-client/search/list/ocds-148610-94ac09bf-f6a1-4db6-9b1a-14673775b93b
2026-06-13;ZAMOWIENIE;Zakup modułowego kontenera magazynowego;;;https://ezamowienia.gov.pl/mp-client/search/list/ocds-148610-737caf63-2064-465e-935c-7c80293f71ff
2026-06-13;ZAMOWIENIE;"Modernizacja kompleksu sportowego ""Moje Boisko Orlik 2012"" wraz z budową sprawnościowego placu zabaw w Głubczycach przy ulicy Jana Kochanowskiego  realizowana w formule ""zaprojektuj i wybuduj""";;;https://ezamowienia.gov.pl/mp-client/search/list/ocds-148610-571fa504-00a5-418b-a627-8460196a382e
2026-06-13;ZAMOWIENIE;„Poprawa efektywności energetycznej budynków Uniwersytetu Przyrodniczego w Poznaniu” w formule zaprojektuj i wybuduj;;;https://ezamowienia.gov.pl/mp-client/search/list/ocds-148610-ba6454c3-4c59-4b90-9a87-6b31a01c6bbe
2026-06-14;ZAMOWIENIE;,,Budowa magazynu na potrzeby ochrony ludności i obrony cywilnej poprzez rozbudowę budynku gminnego w miejscowości Żarczyn”;;;https://ezamowienia.gov.pl/mp-client/search/list/ocds-148610-35aa83c4-995e-462b-8318-345113d92d5d
2026-06-14;ZAMOWIENIE;Roboty budowlane w zakresie wymiany konstrukcji oraz pokrycia dachu w budynku zlokalizowanym przy ul. Półłanki 78 w Krakowie;;;https://ezamowienia.gov.pl/mp-client/search/list/ocds-148610-0342350e-969a-4bb3-8cb0-6c5b0196d562
2026-06-14;ZAMOWIENIE;Termomodernizacja wraz z wymianą pokrycia dachowego w Przedszkolu w Dziergowicach;;;https://ezamowienia.gov.pl/mp-client/search/list/ocds-148610-0621ec23-845a-4e87-9eef-3104c6dd25dd
2026-06-14;ZAMOWIENIE;PROGRAM FUNKCJONALNO-UŻYTKOWY W RAMACH ZADANIA INWESTYCYJNEGO PN. „ROZBUDOWA I PRZEBUDOWA BUDYNKU STAROSTWA POWIATOWEGO W TCZEWIE O MAGAZYN SPRZĘTU OCHRONY LUDNOŚCI I OCHRONY CYW.”;;;https://ezamowienia.gov.pl/mp-client/search/list/ocds-148610-db3df093-210f-472e-9a10-15790958556c
2026-06-14;ZAMOWIENIE;Remont poszycia dachowego pływalni miejskiej NECZK w Kartuzach.;;;https://ezamowienia.gov.pl/mp-client/search/list/ocds-148610-192fbada-dc2d-44d9-8c93-a6bff32ded5b
2026-06-14;ZAMOWIENIE;Remont budynku administracyjnego i dworu Józefa Wybickiego na terenie Muzeum Hymnu Narodowego Będominie (Oddział Muzeum Narodowego w Gdańsku);;;https://ezamowienia.gov.pl/mp-client/search/list/ocds-148610-9fe08938-4171-4d1b-9ba2-aa8b3417b480
2026-06-14;ZAMOWIENIE;Budowa pracowni architektury krajobrazu dla Zespołu Szkół nr 1 w Wieluniu;;;https://ezamowienia.gov.pl/mp-client/search/list/ocds-148610-8f96d8b8-403b-46fc-873f-4dfb85bc4417
2026-06-15;ZAMOWIENIE;Budowa budynku mieszkalnego wielorodzinnego w miejscowości Polanica - Zdrój przy ul. Mickiewicza, dz. nr 84/5, 85/1, 85/2, 84/1, 24 (AM-3), obręb ew.: Nowy Zdrój, jednostka ew. Polanica Zdrój;;;https://ezamowienia.gov.pl/mp-client/search/list/ocds-148610-3a1e9374-affe-475b-9f50-f2814311d71a
2026-06-15;ZAMOWIENIE;Wykonanie systemu instalacji fotowoltaicznej na dachu budynku Wydziałów Zamiejscowych Sądu Rejonowego w Nowym Sączu znajdującego się w Muszynie przy ul. Kity 18A;;;https://ezamowienia.gov.pl/mp-client/search/list/ocds-148610-d7a01e19-bf7c-4142-bd6f-3a50d3a5ff78
2026-06-15;ZAMOWIENIE;Termomodernizacja budynku Ośrodka Pomocy Społecznej w Dzierżoniowie;;;https://ezamowienia.gov.pl/mp-client/search/list/ocds-148610-acb02476-1f0f-4fba-bc7b-2291588f4381
2026-06-15;ZAMOWIENIE;Modernizacja budynku administracyjnego Urzędu Gminy;;;https://ezamowienia.gov.pl/mp-client/search/list/ocds-148610-9fba1fc9-ee06-4bbc-9cb3-69172ab8fc3b
2026-06-15;ZAMOWIENIE;ZP.271.6.2026 Budowa magazynu OL i OC w Pruszczu;;;https://ezamowienia.gov.pl/mp-client/search/list/ocds-148610-a7ac91e7-3a56-476b-8a85-75f3eb7eceaa
2026-06-16;ZAMOWIENIE;Świadczenie usług żywieniowych w Zespole Szkół Maków Podhalański od miesiąca września 2026 do grudnia 2027.;;;https://ezamowienia.gov.pl/mp-client/search/list/ocds-148610-84b2d17e-c91d-4773-a4ed-940c64d428aa
2026-06-16;ZAMOWIENIE;Kompleksowa modernizacja energetyczna Urzędu Gminy w Popielowie;;;https://ezamowienia.gov.pl/mp-client/search/list/ocds-148610-564eaba2-5b5c-4955-8757-a6537be2672c
2026-06-18;ZAMOWIENIE;Zaprojektowanie i budowa hali garażowo-magazynowej OLiOC w Niedzicy dla Gminy Łapsze Niżne;;;https://ezamowienia.gov.pl/mp-client/search/list/ocds-148610-57c07a52-c97d-4471-90c7-f49ca0d5b52c
2026-06-18;ZAMOWIENIE;Remont dachu wraz z robotami towarzyszącymi w budynku gminnym przy;;;https://ezamowienia.gov.pl/mp-client/search/list/ocds-148610-9c9206b9-39b3-4b15-a9ef-3adc679ce03f
2026-06-18;ZAMOWIENIE;Częściowy remont konstrukcji i pokrycia dachowego budynku archiwum;;;https://ezamowienia.gov.pl/mp-client/search/list/ocds-148610-6da56104-6091-4680-b798-9ef4a71913ad
2026-06-18;ZAMOWIENIE;Modernizacja obiektu użyteczności publicznej przy ul. Kolegiackiej 3 w Warszawie;;;https://ezamowienia.gov.pl/mp-client/search/list/ocds-148610-fc7de46b-c852-474d-9191-48635af40848
2026-06-19;ZAMOWIENIE;Dostawa i montaż specjalistycznego kontenera do magazynowania cieczy łatwopalnych i produktów ropopochodnych;;;https://ezamowienia.gov.pl/mp-client/search/list/ocds-148610-de56cc61-f921-42a6-92a5-fd0ad955df20
2026-06-19;ZAMOWIENIE;Wymiana poduszek dachu membranowego z wymianą osprzętu, przeglądem pozostałych poduszek oraz naprawą drobnych uszkodzeń i ubytków;;;https://ezamowienia.gov.pl/mp-client/search/list/ocds-148610-33e34a30-e481-4e51-9210-4201074434fb
2026-06-20;ZAMOWIENIE;Budowa magazynu obrony cywilnej na terenie Gminy Sułkowice (projekt wraz z budową);;;https://ezamowienia.gov.pl/mp-client/search/list/ocds-148610-6fa651d4-7281-49b8-b38a-9ba46f868bd3
2026-06-20;ZAMOWIENIE;Budowa wiaty magazynowej na mieszankę piaskowo-solną na terenie ZDP w Aleksandrówce;;;https://ezamowienia.gov.pl/mp-client/search/list/ocds-148610-56ea4637-b3bc-4e00-8fa4-b7d7e377e22f
2026-06-20;ZAMOWIENIE;„Zazielenienie infrastruktury miejskiej, dachów i murów”;;;https://ezamowienia.gov.pl/mp-client/search/list/ocds-148610-f69be8d4-eccd-4d72-9748-b2e34cbebec9
2026-06-20;ZAMOWIENIE;„Modernizacja punktu selektywnej zbiórki odpadów komunalnych dla Miasta i Gminy Kazimierza Wielka.”;;;https://ezamowienia.gov.pl/mp-client/search/list/ocds-148610-65c078c7-0635-4171-bf5f-f440f96910f8
2026-06-21;ZAMOWIENIE;NAPRAWA POKRYCIA DACHOWEGO BUDYNKU NR 33 W KOMPLEKSIE WOJSKOWYM W OLEŚNICY PRZY UL. WILEŃSKIEJ 14;;;https://ezamowienia.gov.pl/mp-client/search/list/ocds-148610-cc86237d-2c01-4400-8b87-136c2bfa9a68
2026-06-21;ZAMOWIENIE;"Modernizacja gminnego magazynu i adaptacja pomieszczeń znajdujących się w Pietrowicach 14 do pełnienia funkcji koordynacji działań pomocowych dla ludności - w formule ""zaprojektuj i wybuduj"".";;;https://ezamowienia.gov.pl/mp-client/search/list/ocds-148610-63d73a9b-e8e7-4e52-a73a-d77bab40616c
2026-06-21;ZAMOWIENIE;Budowa bazy magazynowej ochrony ludności i obrony cywilnej w Karpaczu w ramach rozbudowy Administracyjnego Centrum Zarządzania Miasta;;;https://ezamowienia.gov.pl/mp-client/search/list/ocds-148610-d11dc6a1-d483-4aa2-8cbf-ed1cf4f68707
2026-06-21;ZAMOWIENIE;Remont czapek kominowych i instalacji odgromowej na dachu budynku ul. Oczapowskiego 14 UWM w Olsztynie.;;;https://ezamowienia.gov.pl/mp-client/search/list/ocds-148610-3d2beab9-6e5b-4e73-9c01-d819af9814a4
2026-06-21;ZAMOWIENIE;Termomodernizacja budynku Urzędu Gminy w Godowie;;;https://ezamowienia.gov.pl/mp-client/search/list/ocds-148610-7486714e-bba8-418c-9903-035c47df843c
2026-06-22;ZAMOWIENIE;Budowa budynku mieszkalnego wielorodzinnego wraz z niezbędną infrastrukturą w Sławie przy ul. Obrońców Pokoju z realizacją na działce nr ew. 262/126 obręb Sława;;;https://ezamowienia.gov.pl/mp-client/search/list/ocds-148610-ce793b99-95ce-45c3-b0c5-2649db834ec4
2026-06-22;ZAMOWIENIE;„Odbiór, transport i zagospodarowanie odpadów o kodach: 20 01 32, 16 01 03.” Znak sprawy: 02/RZP/SWZ/2026.;;;https://ezamowienia.gov.pl/mp-client/search/list/ocds-148610-15ce928c-5335-45ac-ada1-5c69c7cf6527
2026-06-22;ZAMOWIENIE;Modernizacja sieci ciepłowniczych wraz z budową gminnych źródeł ciepła w oparciu o OZE na terenie Gminy Daszyna – II części;;;https://ezamowienia.gov.pl/mp-client/search/list/ocds-148610-9efabcdd-0696-4213-9212-711194ec7cc9
2026-06-22;ZAMOWIENIE;„Budowa cmentarza komunalnego w Strzelcach Krajeńskich – etap I”;;;https://ezamowienia.gov.pl/mp-client/search/list/ocds-148610-8b3f804b-a0eb-4bb9-aaeb-b94276d745a6
2026-06-22;ZAMOWIENIE;WYKONANIE PRAC REMONTOWYCH W BUDYNKACH;;;https://ezamowienia.gov.pl/mp-client/search/list/ocds-148610-993ef1b3-acee-47b0-8a02-b9dd4f2c2bbd
2026-06-24;ZAMOWIENIE;Wymiana pokrycia dachu i remont elewacji budynku biurowego Nadleśnictwa Ciechanów,  nr inw. 105/045;;;https://ezamowienia.gov.pl/mp-client/search/list/ocds-148610-d2b30f0e-3cb5-4f04-8823-674f2d9286b1
2026-06-25;ZAMOWIENIE;Budowa kompleksu sportowego ORLIK w Rozwadzy;;;https://ezamowienia.gov.pl/mp-client/search/list/ocds-148610-f1053e1b-34dc-48d1-8f00-c821288c868b
2026-06-25;ZAMOWIENIE;Wzmocnienie efektywności energetycznej budynku Gminnej Biblioteki i Ośrodka Kultury w Borzytuchomiu;;;https://ezamowienia.gov.pl/mp-client/search/list/ocds-148610-24048241-4a6d-418b-90d5-30b30a8a22f1
2026-06-25;ZAMOWIENIE;„Przebudowa, rozbudowa wraz z zadaszeniem trybun z fotowoltaiką z magazynem energii przy stadionie sportowym w Radomyślu Wielkim”;;;https://ezamowienia.gov.pl/mp-client/search/list/ocds-148610-d03b38c0-f7c9-4f6a-8600-ae5db341d9e0
2026-06-25;ZAMOWIENIE;Utworzenie w istniejącym magazynie, warsztatu naprawczego – tzw. drugie życie wraz z ścieżką edukacyjną (błękitno-zielona infrastruktura PSZOK);;;https://ezamowienia.gov.pl/mp-client/search/list/ocds-148610-7731bd6b-14e1-415e-8d65-7d208c892db9
2026-06-25;ZAMOWIENIE;Modernizacja dachu budynku biurowego MBP przy ul. Łukasiewicza 8 w Szczecinie;;;https://ezamowienia.gov.pl/mp-client/search/list/ocds-148610-1f6e456d-fb7b-45da-ae1a-131ed791a889
2026-06-25;ZAMOWIENIE;Modernizacja budynku Gminnego Przedszkola przy ul. Poprzecznej 5 w Owińskach obejmująca w szczególności dach;;;https://ezamowienia.gov.pl/mp-client/search/list/ocds-148610-8bc48c26-7ea8-4e7e-a175-ea5bfa757f18
2026-06-25;ZAMOWIENIE;Poprawa wydajności energetycznej obiektu Szkoły Podstawowej im. Juliana Tuwima w Ostrowie;;;https://ezamowienia.gov.pl/mp-client/search/list/ocds-148610-0490ac06-37bd-447c-a37b-c718f3a9b73e
2026-06-25;ZAMOWIENIE;Modernizacja budynku świetlicy wiejskiej w miejscowości Rogowo;;;https://ezamowienia.gov.pl/mp-client/search/list/ocds-148610-9c67c61b-eab6-43f2-b145-64729d49ad33
2026-06-26;ZAMOWIENIE;Budowa instalacji fotowoltaicznej z systemem magazynowania energii na budynkach biurowo-administracyjnych Nadleśnictwa Oborniki Śląskie w formule ,,zaprojektuj i wybuduj”;;;https://ezamowienia.gov.pl/mp-client/search/list/ocds-148610-8be35b15-10f1-452f-8c23-2de406ec4b8e
2026-06-26;ZAMOWIENIE;„Wymiana nawierzchni na schodach zewnętrznych wraz z dostosowaniem podjazdu dla osób z niepełnosprawnościami – wejście główne i oznaczeniem miejsc postojowych dla osób ze szczególnymi potrzebami”;;;https://ezamowienia.gov.pl/mp-client/search/list/ocds-148610-0d5b1c01-6a88-468b-b644-9ecfb56e56f4
2026-06-26;ZAMOWIENIE;Rozwój energetyki rozproszonej opartej o odnawialne źródła energii;;;https://ezamowienia.gov.pl/mp-client/search/list/ocds-148610-21c61c49-bad2-4c88-86c2-b15ee01060ea
2026-06-26;ZAMOWIENIE;Remont elewacji oraz dachu w budynku mieszkalnym wielorodzinnym przy ul. Kilińskiego 11 w Chojnowie, działka nr 87, obręb 6, jednostka ewidencyjna 020901_1 Chojnów;;;https://ezamowienia.gov.pl/mp-client/search/list/ocds-148610-49da466b-b278-4bee-9e80-d8a520b5b05d
2026-06-26;ZAMOWIENIE;Międzyrzecz, ul. Malczewskiego 4 A-E – remont lukarn dachowych;;;https://ezamowienia.gov.pl/mp-client/search/list/ocds-148610-e6e1a64f-d278-435f-9741-642a5f8d200b
2026-06-26;ZAMOWIENIE;Wykonanie remontu dachu w budynku Miejskiego Przedszkola nr 7 ul.Mireckiego 25A w Częstochowie;;;https://ezamowienia.gov.pl/mp-client/search/list/ocds-148610-2bcd1445-f0f4-4e0f-b74f-3cafffeaac14
2026-06-27;ZAMOWIENIE;Dostosowanie budynku na magazyn OLiOC wraz z modernizacją nawierzchni przy budynku oraz ogrodzeniem terenu;;;https://ezamowienia.gov.pl/mp-client/search/list/ocds-148610-aa1bd702-9321-481e-af48-5d36ba74bd41
2026-06-27;ZAMOWIENIE;Budowa budynku świetlicy wiejskiej m. Grabno, gmina Ustka;;;https://ezamowienia.gov.pl/mp-client/search/list/ocds-148610-41d5e2fe-5936-4aaf-836e-d08cb97e0c58
2026-06-27;ZAMOWIENIE;Dostawa regałów magazynowych, taboretów oraz krzeseł laboratoryjnych;;;https://ezamowienia.gov.pl/mp-client/search/list/ocds-148610-9e8e8064-5abc-4729-b3c8-79d316a8e08b
2026-06-28;ZAMOWIENIE;Modernizacja, naprawa infrastruktury do ujmowania, uzdatniania i dystrybucji wody;;;https://ezamowienia.gov.pl/mp-client/search/list/ocds-148610-0f063671-b135-4430-888e-2da852370926
2026-06-28;ZAMOWIENIE;Przebudowa budynku gospodarczego na budynek magazynowy OLiOC w ramach zwiększenia gotowości Gminy Siedlisko na wypadek zagrożeń i sytuacji kryzysowych;;;https://ezamowienia.gov.pl/mp-client/search/list/ocds-148610-7076c1fa-3b87-47ea-b89a-5bfa549a445a
2026-06-28;ZAMOWIENIE;Modernizacja budynku gospodarczego na potrzeby magazynu Obrony Cywilnej;;;https://ezamowienia.gov.pl/mp-client/search/list/ocds-148610-d0c6cdfb-4df3-44f5-a31e-1d9b87d51145
2026-06-28;ZAMOWIENIE;Remont budynku użytkowego przy al. Krasińskiego 23 w Krakowie- etap I – remont świetlika w dachu oraz ścian ponad dachem wraz z robotami towarzyszącymi;;;https://ezamowienia.gov.pl/mp-client/search/list/ocds-148610-f2c5ef50-e183-4926-93c0-6799bae360c3
2026-06-28;ZAMOWIENIE;Wykonanie kompleksu sportowo – rekreacyjnego wraz z zapleczem szatni i sanitariatami w miejscowości Kunów;;;https://ezamowienia.gov.pl/mp-client/search/list/ocds-148610-4bd66982-d9d8-445a-81ae-e56326200dfa
2026-06-28;ZAMOWIENIE;Remont pokrycia dachowego w budynku położonym przy ul. Drzymały nr 11, 13 i 15 w Chojnicach;;;https://ezamowienia.gov.pl/mp-client/search/list/ocds-148610-945d28a6-b3b8-4fd8-892f-3526682b0095
2026-06-28;ZAMOWIENIE;Wymiana pokrycia dachu budynku świetlicy wiejskiej w Słoneczniku;;;https://ezamowienia.gov.pl/mp-client/search/list/ocds-148610-a9447809-6a26-419b-9028-155b43eea2af
2026-06-28;ZAMOWIENIE;Nadzór inwestorski nad zadaniem pn.: „FSZ – Działanie nr 4 – Poprawa efektywności energetycznej budynków oświatowych na terenie Gminy Miejskiej Jarosław” – Termomodernizacja MP nr 4;;;https://ezamowienia.gov.pl/mp-client/search/list/ocds-148610-f6c8dcab-2e26-49d8-a7e6-605e3e827e29
2026-06-29;ZAMOWIENIE;Modernizacja świetlicy wiejskiej w Łukomiu, gm. Rościszewo;;;https://ezamowienia.gov.pl/mp-client/search/list/ocds-148610-8c83da52-75ef-46c3-a5c2-4ccb6271853d
2026-06-29;ZAMOWIENIE;WYKONANIE PILNYCH ROBÓT BUDOWLANYCH BRANŻY OGÓLNOBUDOWLANEJ, DEKARSKIEJ, ELEKTRYCZNEJ I INSTALACYJNEJ W BUDYNKACH I LOKALACH STANOWIĄCYCH WŁASNOŚĆ GMINY MIASTO LĘBORK;;;https://ezamowienia.gov.pl/mp-client/search/list/ocds-148610-13d97b0d-965b-4f04-81bc-ba7c251494b7
2026-06-29;ZAMOWIENIE;„Termomodernizacja wraz z rozbudową budynku Ochotniczej Straży Pożarnej w Czarnowie”(3);;;https://ezamowienia.gov.pl/mp-client/search/list/ocds-148610-43dbbe4d-9e0b-4e51-ae02-ad8cc3abb0ef
2026-06-29;ZAMOWIENIE;BUDOWA WIATY MAGAZYNOWEJ WRAZ Z UTWARDZENIEM PLACU MANEWROWEGO W MIEJSCOWOŚCI OLESNO;;;https://ezamowienia.gov.pl/mp-client/search/list/ocds-148610-49c68d54-4cea-4d00-87dc-f1ec4e831819
2026-06-29;ZAMOWIENIE;Innowacyjne rozwiązania OZE dla WIKM Sp. z o.o. polegające na budowie instalacji fotowoltaicznej z magazynem energii oraz gruntowej pompy ciepła;;;https://ezamowienia.gov.pl/mp-client/search/list/ocds-148610-d93fbeb9-3e8f-49c5-9dab-2609063ff228
2026-06-29;ZAMOWIENIE;Przebudowa Sali przy Zespole Szkół w Goleniowach;;;https://ezamowienia.gov.pl/mp-client/search/list/ocds-148610-6ab424d9-0fdd-4b77-b48b-41f60ef3dd75
2026-07-02;ZAMOWIENIE;Remont ogrodzenia na terenie drogowego przejścia granicznego Połowce - Pieszczatka;;;https://ezamowienia.gov.pl/mp-client/search/list/ocds-148610-a11503d2-77b3-4c69-b055-a8864fbf0be2
2026-07-02;ZAMOWIENIE;Dostawa urządzenia do magazynowania energii na sprężone powietrze dla Wydziału Inżynierii Mechanicznej i Okrętownictwa Politechniki Gdańskiej;;;https://ezamowienia.gov.pl/mp-client/search/list/ocds-148610-5646354b-79b1-4915-bc82-d97fa6233f48
2026-07-02;ZAMOWIENIE;Roboty remontowe w Domu Studenta nr 6 przy ul. Radomskiej 11 w Warszawie;;;https://ezamowienia.gov.pl/mp-client/search/list/ocds-148610-9c8b4956-a7c5-48c2-8dfd-cb10592c1557
2026-07-02;ZAMOWIENIE;Budowa magazynu OLiOC w Gminie Kornowac;;;https://ezamowienia.gov.pl/mp-client/search/list/ocds-148610-26dfcdf1-5783-413a-81c8-b507bd49bb1a
2026-07-03;ZAMOWIENIE;„Modernizacja magazynu ZZM przy ulicy Kościuszki 138 w Katowicach”;;;https://ezamowienia.gov.pl/mp-client/search/list/ocds-148610-e1439864-f5bd-4d54-bed5-366d850d41a5
2026-07-03;ZAMOWIENIE;„Poprawa zabezpieczenia logistycznego na terenie gminy Prostki poprzez zapewnienie ciągłości dostaw zasobów ochrony ludności - Budowa budynku magazynowego  w miejscowości Bobry”;;;https://ezamowienia.gov.pl/mp-client/search/list/ocds-148610-489dd3c5-c3b7-4714-9a3b-e4546efbf818
2026-07-03;ZAMOWIENIE;Budowa mikroinstalacji fotowoltaicznej oraz modernizacja kotłowni gazowej w Szkole Podstawowej w Tomicach w ramach projektu „Termomodernizacja budynku Szkoły Podstawowej w Tomicach”;;;https://ezamowienia.gov.pl/mp-client/search/list/ocds-148610-1eb17f60-60a3-4b25-b48e-cbdcddfe0bd1
2026-07-03;ZAMOWIENIE;Modernizacja elewacji budynku Szkoły Podstawowej w Dukli przy ul. Kościuszki;;;https://ezamowienia.gov.pl/mp-client/search/list/ocds-148610-b79bdc76-019b-4ab2-9e8b-29da1dc64295
2026-07-03;ZAMOWIENIE;Roboty budowlane w budynku Urzędu Skarbowego w Chełmnie;;;https://ezamowienia.gov.pl/mp-client/search/list/ocds-148610-601052a9-7a92-4810-b19f-26d61bfdaec5
2026-07-04;ZAMOWIENIE;„Remont południowej części dachu wraz z montażem instalacji PV na dachu budynku A22 – Wydziału Mechanicznego Politechniki Łódzkiej w formule zaprojektuj i wybuduj”;;;https://ezamowienia.gov.pl/mp-client/search/list/ocds-148610-ce2eb80d-004a-4846-84df-6edebd6379fc
2026-07-04;ZAMOWIENIE;Sukcesywna dostawa wraz z transportem, rozładowaniem i wniesieniem do magazynów stołówek szkolnych Zespołu Szkolno-Przedszkolnego w Brzyskach i Błażkowej artykułów żywnościowych;;;https://ezamowienia.gov.pl/mp-client/search/list/ocds-148610-9eeaf517-fd04-41e9-bbe2-bc25fd81749b
2026-07-04;ZAMOWIENIE;Rozbudowa istniejącej instalacji fotowoltaicznej o mocy 48,22 kW do 148,22 kW na obiekcie Stacji Uzdatniania Wody w Krzepicach;;;https://ezamowienia.gov.pl/mp-client/search/list/ocds-148610-728b3b61-8a0f-456c-acb9-9b7c54185a04
2026-07-05;ZAMOWIENIE;Wykonanie  dokumentacji technicznej  i budowa magazynu OLiOC w miejscowości Jabłonka” w formule zaprojektuj i wybuduj;;;https://ezamowienia.gov.pl/mp-client/search/list/ocds-148610-72654f28-8c75-46e3-9fc4-9f0a8888f5e9
2026-07-05;ZAMOWIENIE;Dostawa z montażem magazynu kontenerowego wraz z przynależną infrastrukturą w ramach zadania pn. „Budowa budynku magazynowego wraz z niezbędną infrastrukturą techniczną”;;;https://ezamowienia.gov.pl/mp-client/search/list/ocds-148610-7b27fee9-e8e0-4cab-aba6-083710a7bbc6
2026-07-05;ZAMOWIENIE;36/PA/2026 Remont dachu na budynku użytkowym położonym przy ul. Parkowej 6-10 w Bydgoszczy zarządzanym przez Administrację Domów Miejskich „ADM” Sp. z o.o.;;;https://ezamowienia.gov.pl/mp-client/search/list/ocds-148610-50f7b7b8-e533-4e23-be1f-502e429b31f7
2026-07-05;ZAMOWIENIE;Remont zabytkowej stodoły przy ul. Dworcowej 1 w Rucianem-Nidzie nr inw. 108/224;;;https://ezamowienia.gov.pl/mp-client/search/list/ocds-148610-762a901c-5314-443d-ad1a-05bbab567153
2026-07-05;ZAMOWIENIE;Budowa świetlicy wiejskiej w Kozłowie;;;https://ezamowienia.gov.pl/mp-client/search/list/ocds-148610-d79bdfd5-8036-4624-9550-ef64d1561387
2026-07-05;ZAMOWIENIE;„Wykonanie robót budowlanych w celu dostosowania budynku do pełnienia funkcji magazynu OL i OC”;;;https://ezamowienia.gov.pl/mp-client/search/list/ocds-148610-89cb9d21-501b-4712-941a-3c3c87cbad0a
2026-07-05;ZAMOWIENIE;Termomodernizacja gminnych budynków Gminy Kłodawa;;;https://ezamowienia.gov.pl/mp-client/search/list/ocds-148610-f4985328-6a01-49a6-80ee-cc96cf5e2f74
2026-07-06;ZAMOWIENIE;„Wykorzystanie potencjału endogenicznego Gminy Choszczno poprzez zagospodarowanie Jeziora Klukom na cele turystyczno-rekreacyjne w systemie „zaprojektuj i wybuduj””;;;https://ezamowienia.gov.pl/mp-client/search/list/ocds-148610-a77a8f5c-cdae-4c9f-ab5d-cb6d4f8dd461
2026-07-06;ZAMOWIENIE;Remont dachu i stropu dworku - muzeum im. bł. Edmunda Bojanowskiego;;;https://ezamowienia.gov.pl/mp-client/search/list/ocds-148610-89a47756-8279-44de-bb62-737d83daf89c
2026-07-06;ZAMOWIENIE;"""Termomodernizacja wraz z wymianą źródła ciepła budynku OSP w Pogwizdowie, gmina Paszowice""";;;https://ezamowienia.gov.pl/mp-client/search/list/ocds-148610-347d478f-900b-4786-86fb-df31d974a32c
2026-07-06;ZAMOWIENIE;Remont ogrodzenia terenu.;;;https://ezamowienia.gov.pl/mp-client/search/list/ocds-148610-1d6e56f0-1375-4888-970e-a2f08fa9b35f
2026-07-06;ZAMOWIENIE;REMONT POMIESZCZEŃ WRAZ Z TERMOMODERNIZACJĄ ŚCIAN  ORAZ REMONTEM DACHU BUDYNKU SZKOŁY ZESPOŁU SZKÓŁ ŻEGLUGI ŚRÓDLĄDOWEJ IM. KMDR. BOLESŁAWA ROMANOWSKIEGOW NAKLE NAD NOTECIĄ – SKRZYDŁO WSCHODNIE;;;https://ezamowienia.gov.pl/mp-client/search/list/ocds-148610-a068b1fd-6db9-4fa0-859a-b859648ff41c
2026-07-06;ZAMOWIENIE;Remont i konserwacja istniejących płotów szczelnych drewnianych oraz remont odłowni w Ośrodku Hodowli Żubrów Białowieskiego Parku Narodowego;;;https://ezamowienia.gov.pl/mp-client/search/list/ocds-148610-99fe78a6-760c-4cdf-95fa-be3542e48f55
2026-07-07;ZAMOWIENIE;„Wymiana źródeł ciepła w budynkach Specjalnego Ośrodka Szkolno-Wychowawczego  w Bogumiłku na źródła oparte o powietrzne pompy ciepła wraz z instalacją fotowoltaiczną oraz magazynami energii”;;;https://ezamowienia.gov.pl/mp-client/search/list/ocds-148610-9c82ab53-d500-443b-9b26-ad9554c2a03d
2026-07-08;ZAMOWIENIE;„Rozbudowa i przebudowa budynku administracyjnego Nadleśnictwa Cybinka – kontynuacja - III postępowanie”;;;https://ezamowienia.gov.pl/mp-client/search/list/ocds-148610-ce341127-fb19-479c-a5b0-8991c743a479
2026-07-08;ZAMOWIENIE;Rozbudowa i przebudowa budynku administracyjno–biurowego;;;https://ezamowienia.gov.pl/mp-client/search/list/ocds-148610-5a54a9b9-b7a4-4f47-a4ed-17401fae4052
2026-07-08;ZAMOWIENIE;Budowa budynku pow. magazynu OliOC wraz z instalacjami: elekt.,odgromową, teletech., wodociągową, kanalizacji sanitarnej i deszczowej, grzewczą, wentylacji, klimatyzacji i zagospodarowaniem terenu.;;;https://ezamowienia.gov.pl/mp-client/search/list/ocds-148610-e48cfdc9-4f09-4460-9e5e-19d597080c8a
2026-07-09;ZAMOWIENIE;„Modernizacja kompleksu sportowo-rekreacyjnego przy Szkole Podstawowej Stowarzyszenia Przyjaciół Szkół Katolickich im. Św. Dzieci z Fatimy w Makowie Podhalańskim - MIRS 2026 – Priorytet I”;;;https://ezamowienia.gov.pl/mp-client/search/list/ocds-148610-a5077055-6906-4157-8407-21ea461428a2
2026-07-09;ZAMOWIENIE;Modernizacja bazy magazynowej na potrzeby Obrony Cywilnej.;;;https://ezamowienia.gov.pl/mp-client/search/list/ocds-148610-d7f1fbdf-10d4-4cd3-bd67-9b9a8d35fa62
2026-07-09;ZAMOWIENIE;„Modernizacja schodów ewakuacyjnych z zadaszeniem” w ramach realizacji projektu pn. Modernizacja obiektu Aquaparku Granit Strzelin na potrzeby sportowców”;;;https://ezamowienia.gov.pl/mp-client/search/list/ocds-148610-07b4705f-a9f5-44f2-b64d-3e368e2776f1
2026-07-09;ZAMOWIENIE;Budowa magazynu ochrony ludności i obrony cywilnej wraz z wyposażeniem;;;https://ezamowienia.gov.pl/mp-client/search/list/ocds-148610-c0244ea7-2aa7-4ce5-b388-ce16ba6e5eea
2026-07-09;ZAMOWIENIE;28/TP/2026 Montaż  i naprawy ogumienia w maszynach i pojazdach należących do Zakładu Utylizacyjnego Sp. z o.o.;;;https://ezamowienia.gov.pl/mp-client/search/list/ocds-148610-4b9c7736-4c9a-4d61-9bdc-4e02a93fc304
2026-07-10;ZAMOWIENIE;Naprawa dachu budynku nr 5 w kompleksie przy al. Wojska Polskiego 250 w Szczecinie;;;https://ezamowienia.gov.pl/mp-client/search/list/ocds-148610-9fa2672e-b0e1-46b6-bec9-8777362ce546
2026-07-10;ZAMOWIENIE;Budowa połączenia drogowego ul. Kalwaryjskiej i ul. Strzeleckiej w Wejherowie w ramach zadania „Gminny Program Rewitalizacji Miasta Wejherowa”;;;https://ezamowienia.gov.pl/mp-client/search/list/ocds-148610-c9a34bf8-1d95-4a96-b501-5738368184ca
2026-07-10;ZAMOWIENIE;Remont elewacji magazynu zbożowego (nr 167 ewidencji bud.) w Czartołomiu dla Zakładu Doświadczalnego IHAR-PIB w Nieżychowicach;;;https://ezamowienia.gov.pl/mp-client/search/list/ocds-148610-22852aac-af90-48ae-b449-d0358b031252
2026-07-10;ZAMOWIENIE;Budowa budynku magazynowego na potrzeby Ochrony Ludności i Obrony Cywilnej;;;https://ezamowienia.gov.pl/mp-client/search/list/ocds-148610-6e2651f3-25f3-4855-b6bc-c776b202b204
2026-07-10;ZAMOWIENIE;Wykonanie instalacji fotowoltaicznej w budynku Przedszkola nr 4 w Ustroniu w ramach zadań inwestycyjnych pn.: Budowa odnawialnych źródeł energii w mieście Ustroń oraz Modernizacja obiektu P-4 (dach);;;https://ezamowienia.gov.pl/mp-client/search/list/ocds-148610-dcdc9a7e-a70d-45f6-88b9-a3b897a3468d
2026-07-10;ZAMOWIENIE;Kompleksowa termomodernizacja budynku komunalnego wraz z rozbiórką budynków magazynowych, gospodarczych i przybudówek zlokalizowanych przy ul. Przemysłowej 38 w Wejherowie;;;https://ezamowienia.gov.pl/mp-client/search/list/ocds-148610-55cd39ca-9a5c-40d3-97b0-2853cea54c1a
2026-07-11;ZAMOWIENIE;Remont i przebudowa targowiska przy ul. Władysława Skoczylasa we Wrocławiu.;;;https://ezamowienia.gov.pl/mp-client/search/list/ocds-148610-919e9aed-4840-4cb8-a3f2-e315de9cd5ec
2026-07-11;ZAMOWIENIE;Budowa strategicznego obiektu logistyczno-magazynowego.;;;https://ezamowienia.gov.pl/mp-client/search/list/ocds-148610-651de8b4-e7ed-484d-8924-79442e0f4581
2026-07-11;ZAMOWIENIE;Poprawa funkcjonalności i dostępności małej infrastruktury publicznej placów zabaw w Gminie Maków Podhalański w ramach realizacji zadania: Modernizacja placów zabaw na terenie Gminy;;;https://ezamowienia.gov.pl/mp-client/search/list/ocds-148610-978da423-de04-485c-97f7-37b3135ed90a
2026-07-11;ZAMOWIENIE;Zmiana sposobu użytkowania wraz z rozbudową i przebudową części obiektu budowlanego (wiaty magazynowej) na budynek garażowo-magazynowy ...;;;https://ezamowienia.gov.pl/mp-client/search/list/ocds-148610-246478b4-27df-49d7-96bc-818bdbb05fd5
2026-07-12;ZAMOWIENIE;Modernizacja nawierzchni na dojazdach do przejazdu kolejowego w DP2741W;;;https://ezamowienia.gov.pl/mp-client/search/list/ocds-148610-679645a7-6b1e-4a9c-bb77-d2318ac3f950
2026-07-12;ZAMOWIENIE;Termomodernizacja budynku OSP Rybnik-Grabownia wraz z budową mikroinstalacji fotowoltaicznej (...);;;https://ezamowienia.gov.pl/mp-client/search/list/ocds-148610-fe4e31fa-256e-4ea5-bd79-dbdf3fefa368
2026-07-12;ZAMOWIENIE;Modernizacja świetlicy wiejskiej w Baryczy na potrzeby społeczności lokalnej;;;https://ezamowienia.gov.pl/mp-client/search/list/ocds-148610-2ded8aec-bbdb-40b6-8c96-3133064dae53
2026-07-12;ZAMOWIENIE;Modernizacja i dostosowanie istniejących budynków Referatu Służb Technicznych,  prace adaptacyjne i remontowe pomieszczeń na potrzeby pozyskania przestrzeni magazynowej do przechowywania sprzętu;;;https://ezamowienia.gov.pl/mp-client/search/list/ocds-148610-c391f95f-6172-491d-93dd-90a6a4972dc0
2026-07-12;ZAMOWIENIE;Modernizacja budynków magazynowych przy ul. Berdychowskiej - działka 3357/9  oraz 3357/14;;;https://ezamowienia.gov.pl/mp-client/search/list/ocds-148610-18a5a244-265d-458f-a205-85545d471b58
2026-07-12;ZAMOWIENIE;„Dostawa agregatów prądotwórczych do jednostek na terenie Gminy Tomaszów Lubelski;;;https://ezamowienia.gov.pl/mp-client/search/list/ocds-148610-247eeab8-e550-47a6-bd7f-30bd128f466a
2026-07-12;ZAMOWIENIE;„Budowa boiska wielofunkcyjnego i urządzeń  typu „WORKOUT”;;;https://ezamowienia.gov.pl/mp-client/search/list/ocds-148610-2305abae-e462-45c2-b56a-2a19f1947d93
2026-07-12;ZAMOWIENIE;Remont i docieplenie budynku Przedszkola nr 110 przy ul. Gołężyckiej 4a we Wrocławiu;;;https://ezamowienia.gov.pl/mp-client/search/list/ocds-148610-b922c1d8-3bfc-42a1-a75c-a63791047811
2026-07-12;ZAMOWIENIE;"""Budowa hali magazynowo - garażowej wraz z infrastrukturą towarzyszącą służącej Obronie Cywilnej i Ochronie Ludności oraz dostawa i montaż kontenera podwójnego: część II–dostawa i montaż kontenera""";;;https://ezamowienia.gov.pl/mp-client/search/list/ocds-148610-2202237e-9bf6-4e10-b6cc-e7e82571746a
2026-07-12;ZAMOWIENIE;Roboty budowlane w zakresie remontu pokrycia dachowego w budynku nr 6 (magazyn) znajdującym się w kompleksie wojskowym Skład Stężyca  Nr 25/26/P.;;;https://ezamowienia.gov.pl/mp-client/search/list/ocds-148610-0bbd968b-93c0-4c20-84fd-d14bf497784f
2026-07-12;ZAMOWIENIE;Budowa Magazynu Obrony Cywilnej na terenie gminy Laskowa, w miejscowości Ujanowice;;;https://ezamowienia.gov.pl/mp-client/search/list/ocds-148610-954babcf-2172-41c5-81ce-ae06fca49891
